{"cameraMode":{"drawMode":0,"name":"Shaded","section":"Shading Mode"},"sceneLighting":false,"audioPlay":false,"sceneViewState":{"showFog":false,"showMaterialUpdate":false,"showSkybox":false,"showFlares":false,"showImageEffects":false,"showParticleSystems":false,"showVisualEffectGraphs":false,"m_FxEnabled":true},"in2DMode":false,"pivot":{"x":2.384185791015625e-7,"y":0.8423852920532227,"z":0.02730274200439453},"rotation":{"x":0.16233421862125398,"y":-0.18093518912792207,"z":0.030297186225652696,"w":0.9695265293121338},"size":1.1238329410552979,"orthographic":false}